-- phpMyAdmin SQL Dump
-- version 5.2.1
-- https://www.phpmyadmin.net/
--
-- Servidor: localhost
-- Tiempo de generación: 30-05-2023 a las 16:33:58
-- Versión del servidor: 10.4.28-MariaDB
-- Versión de PHP: 8.2.4

SET SQL_MODE = "NO_AUTO_VALUE_ON_ZERO";
START TRANSACTION;
SET time_zone = "+00:00";


/*!40101 SET @OLD_CHARACTER_SET_CLIENT=@@CHARACTER_SET_CLIENT */;
/*!40101 SET @OLD_CHARACTER_SET_RESULTS=@@CHARACTER_SET_RESULTS */;
/*!40101 SET @OLD_COLLATION_CONNECTION=@@COLLATION_CONNECTION */;
/*!40101 SET NAMES utf8mb4 */;

--
-- Base de datos: `PracticaSQL`
--

-- --------------------------------------------------------

--
-- Estructura de tabla para la tabla `clientes`
--

CREATE TABLE `clientes` (
  `CODIGO_CLIENTE` varchar(255) NOT NULL,
  `EMPRESA` varchar(255) DEFAULT NULL,
  `DIRECCION` varchar(255) DEFAULT NULL,
  `POBLACION` varchar(255) DEFAULT NULL,
  `TELEFONO` int(9) DEFAULT NULL,
  `RESPONSABLE` varchar(255) DEFAULT NULL,
  `HISTORIAL` varchar(255) DEFAULT NULL
) ENGINE=InnoDB DEFAULT CHARSET=utf8 COLLATE=utf8_general_ci;

--
-- Volcado de datos para la tabla `clientes`
--

INSERT INTO `clientes` (`CODIGO_CLIENTE`, `EMPRESA`, `DIRECCION`, `POBLACION`, `TELEFONO`, `RESPONSABLE`, `HISTORIAL`) VALUES
('CT01', 'BELTRÁN E HIJOS', 'LAS FUENTES 78', 'MADRID', 914456435, 'ANGEL MARTÍNEZ', NULL),
('CT02', 'LA MODERNA', 'LA PALOMA 123', 'OVIEDO', 985323434, 'JUAN GARCÍA', NULL),
('CT03', 'EL ESPAÑOLITO', 'MOTORES 34', 'BARCELONA', 934565343, 'ANA FERNÁNDEZ', NULL),
('CT04', 'EXPORTASA', 'VALLECAS 34', 'MADRID', 913452378, 'ELVIRA GÓMEZ', NULL),
('CT06', 'CONFECCIONES AMPARO', 'LOS MOROS 23', 'GIJÓN', 985754332, 'LUÍS ÁLVAREZ', NULL),
('CT07', 'LA CASA DEL JUGUETE', 'AMÉRICA 45', 'MADRID', 912649987, 'ELÍAS PÉREZ', NULL),
('CT08', 'JUGUETERÍA SUÁREZ', 'PARIS 123', 'BARCELONA', 933457866, 'JUAN GARCÍA', NULL),
('CT09', 'ALMACÉN POPULAR', 'LAS FUENTES 124', 'BILBAO', 942347127, 'JOSÉ ÁLVAREZ', NULL),
('CT10', 'FERETERÍA EL CLAVO', 'PASEO DE ÁLAMOS 78', 'MADRID', 914354866, 'MANUEL MENÉNDEZ', NULL),
('CT11', 'JUGUETES MARTÍNEZ', 'VIA LAYETANA 245', 'BARCELONA', 936628554, 'FRANCISCO CUEVAS', NULL),
('CT12', 'FERNÁNDEZ SL', 'PASEO DEL MAR 45', 'SANTANDER', 942049586, 'ELISA COLLADO', NULL),
('CT13', 'CONFECCIONES ARTÍMEZ', 'GENERAL PERÓN 45', 'A CORUÑA', 981345239, 'ESTEBAN PASCUAL', NULL),
('CT14', 'DEPORTES GARCÍA', 'GUZMÁN EL BUENO 45', 'MADRID', 913299475, 'ANA JIMÉNEZ', NULL),
('CT15', 'EXCLUSIVAS FERNÁNDEZ', 'LLOBREGAT 250', 'BARCELONA', 939558365, 'LUISA FERNÁNDEZ', NULL),
('CT16', 'DEPORTES MORÁN', 'AUTONOMÍA 45', 'LUGO', 982986944, 'JOSÉ MANZANO', NULL),
('CT17', 'BAZAR FRANCISCO', 'CARMEN 45', 'ZAMORA', 980495288, 'CARLOS BELTRÁN', NULL),
('CT18', 'JUGUETES LA SONRISA', 'LA BAÑEZA 67', 'LEÓN', 987945368, 'FAUSTINO PÉREZ', NULL),
('CT19', 'CONFECCIONES GALÁN', 'FUENCARRAL 78', 'MADRID', 913859234, 'JUAN GARCÍA', NULL),
('CT20', 'LA CURTIDORA', 'OLIVARES 3', 'MÁLAGA', 953756259, 'MARÍA GÓMEZ', NULL),
('CT21', 'LÍNEA JOVEN', 'SIERPES 78', 'SEVILLA', 953452567, 'ASUNCIÓN SALADO', NULL),
('CT22', 'BAZAR EL BARAT', 'DIAGONAL 56', 'BARCELONA', 936692866, 'ELISA DAPENA', NULL),
('CT23', 'EL PALACIO DE LA MODA', 'ORTEGA Y GASSET 129', 'MADRID', 927785235, 'LAURA CARRASCO', NULL),
('CT24', 'SÁEZ Y CÍA', 'INFANTA MERCEDS 23', 'SEVILLA', 954869234, 'MANUEL GUERRA', NULL),
('CT25', 'DEPORTES EL MADRILEÑO', 'CASTILLA 345', 'ZARAGOZA', 976388934, 'CARLOS GONZÁLEZ', NULL),
('CT26', 'FERRETERÍA LA ESCOBA', 'ORENSE 7', 'MADRID', 918459346, 'JOSÉ GARCÍA', NULL),
('CT27', 'JUGUETES EL BARATO', 'VÍA AUGUSTA 245', 'BARCELONA', 933486984, 'ELVIRA IGLESIAS', NULL),
('CT28', 'CONFECCIONES HERMINIA', 'CORRIDA 345', 'GIJÓN', 985597315, 'ABEL GONZÁLEZ', NULL),
('CT30', 'BAZAR EL ARGENTINO', 'ATOCHA 55', 'MADRID', 912495973, 'ADRIÁN ÁLVAREZ', NULL),
('CT31', 'LA TIENDA ELEGANTE', 'EL COMENDADOR 67', 'ZARAGOZA', 975694035, 'JOSÉ PASCUAL', NULL),
('CT32', 'DEPORTES NAUTICOS GARCÍA', 'JUAN FERNÁNDEZ 89', 'ÁVILA', 920268648, 'JUAN CONRADO', NULL),
('CT33', 'CONFECCIONES RUIZ', 'LLOBREGAT 345', 'BARCELONA', 934587615, 'CARLOS SANZ', NULL),
('CT34', 'BAZAR LA FARAONA', 'CASTILLA Y LEÓN 34', 'MADRID', 915483627, 'ANGEL SANTAMARÍA', NULL),
('CT35', 'FERRETERÍA EL MARTILLO', 'CASTELLANOS 205', 'SALAMANCA', 923548965, 'JOAQUÍN FERNANDEZ', NULL),
('CT36', 'JUGUETES EDUCATIVOS SANZ', 'ORENSE 89', 'MADRID', 916872354, 'PEDRO IGLESIAS', NULL),
('CT37', 'ALMACENES FERNANDEZ', 'ANTÓN 67', 'TERUEL', 978564025, 'MARIA ARDANZA', NULL),
('CT38', 'CONFECCIONES MÓNICA', 'MOTORES 67', 'BARCELONA', 935681245, 'PEDRO SERRANO', NULL),
('CT39', 'FERRETERÍA LIMA', 'VALLECAS 45', 'MADRID', 913532785, 'LUIS GARCÍA', NULL),
('CT40', 'DEPORTES EL BRASILEÑO', 'ABEL MARTÍNEZ 67', 'SALAMANCA', 921548762, 'CARLOS GÓMEZ', NULL);

-- --------------------------------------------------------

--
-- Estructura de tabla para la tabla `pedidos`
--

CREATE TABLE `pedidos` (
  `NUMERO_PEDIDO` int(4) NOT NULL,
  `CODIGO_CLIENTE` varchar(4) DEFAULT NULL,
  `FECHA_PEDIDO` date DEFAULT NULL,
  `FORMA_PAGO` varchar(8) DEFAULT NULL,
  `DESCUENTO` int(4) DEFAULT NULL,
  `ENVIADO` varchar(9) DEFAULT NULL
) ENGINE=InnoDB DEFAULT CHARSET=utf8 COLLATE=utf8_general_ci;

--
-- Volcado de datos para la tabla `pedidos`
--

INSERT INTO `pedidos` (`NUMERO_PEDIDO`, `CODIGO_CLIENTE`, `FECHA_PEDIDO`, `FORMA_PAGO`, `DESCUENTO`, `ENVIADO`) VALUES
(1, 'CT01', '2013-03-12', 'TARJETA', 0, 'SI'),
(2, 'CT02', '2013-02-19', 'EFECTIVO', 0, 'NO'),
(3, 'CT03', '2017-03-02', 'TARJETA', 0, 'SI'),
(4, 'CT04', '2018-02-05', 'EFECTIVO', 0, 'SI'),
(5, 'CT01', '2018-03-29', 'TARJETA', 0, 'SI'),
(6, 'CT03', '2018-01-01', 'EFECTIVO', 0, 'SI'),
(7, 'CT01', '2017-10-08', 'EFECTIVO', 0, 'SI'),
(8, 'CT02', '2017-03-06', 'EFECTIVO', 0, 'SI'),
(9, 'CT05', '2016-11-21', 'EFECTIVO', 0, 'SI'),
(10, 'CT06', '2017-07-12', 'EFECTIVO', 0, 'SI'),
(11, 'CT07', '2014-03-05', 'EFECTIVO', 0, 'SI'),
(12, 'CT08', '2013-02-08', 'EFECTIVO', 0, 'SI'),
(13, 'CT09', '2012-01-21', 'EFECTIVO', 0, 'SI'),
(14, 'CT10', '2014-11-15', 'EFECTIVO', 0, 'SI');

-- --------------------------------------------------------

--
-- Estructura de tabla para la tabla `productos`
--

CREATE TABLE `productos` (
  `CODIGO_ARTICULO` varchar(4) NOT NULL,
  `SECCION` varchar(11) DEFAULT NULL,
  `NOMBRE` varchar(20) DEFAULT NULL,
  `PRECIO` decimal(8,2) DEFAULT NULL,
  `PAIS` varchar(6) DEFAULT NULL,
  `FECHA` date DEFAULT NULL
) ENGINE=InnoDB DEFAULT CHARSET=utf8 COLLATE=utf8_general_ci;

--
-- Volcado de datos para la tabla `productos`
--

INSERT INTO `productos` (`CODIGO_ARTICULO`, `SECCION`, `NOMBRE`, `PRECIO`, `PAIS`, `FECHA`) VALUES
('AR02', 'HOGAR', 'LAMPARA', 120.50, 'ESPAÑA', '2018-03-30'),
('AR03', 'INFORMATICA', 'RATON', 30.35, 'CHINA', '2017-03-01'),
('AR04', 'INFORMATICA', 'TECLADO', 45.99, 'CHINA', '2016-05-13'),
('AR05', 'DEPORTES', 'BALON FUTBOL', 50.95, 'EEUU', '2018-01-11'),
('AR06', 'INFORMATICA', 'GTA V', 59.95, 'EEUU', '2017-01-07'),
('AR07', 'DEPORTES', 'CAMISETA REAL MADRID', 60.00, 'ESPAÑA', '2018-01-01'),
('AR08', 'HOGAR', 'MESA', 350.99, 'ESPAÑA', '2015-03-06'),
('AR09', 'HOGAR', 'SILLA', 180.50, 'ESPAÑA', '2015-03-06'),
('AR10', 'DEPORTES', 'BALON FIRMA RONALDO', 1200.00, 'ESPAÑA', '2013-03-01'),
('AR11', 'DEPORTES', 'CANOA', 650.00, 'ESPAÑA', '2018-02-07'),
('AR12', 'DEPORTES', 'MANCUERNA', 25.00, 'ESPAÑA', '2016-05-07'),
('AR13', 'HOGAR', 'TELEVISION', 1500.00, 'CHINA', '2017-03-26'),
('AR14', NULL, 'PANTALON', 50.00, 'ESPAÑA', NULL);

--
-- Disparadores `productos`
--
DELIMITER $$
CREATE TRIGGER `PRODUCTOS_AI` AFTER INSERT ON `productos` FOR EACH ROW INSERT INTO REG_PRODUCTOS(CODIGO_ARTICULO, NOMBRE, PRECIO, MODIFICADO) VALUES(NEW.CODIGO_ARTICULO, NEW.NOMBRE, NEW.PRECIO, NOW())
$$
DELIMITER ;

--
-- Índices para tablas volcadas
--

--
-- Indices de la tabla `clientes`
--
ALTER TABLE `clientes`
  ADD PRIMARY KEY (`CODIGO_CLIENTE`);

--
-- Indices de la tabla `pedidos`
--
ALTER TABLE `pedidos`
  ADD PRIMARY KEY (`NUMERO_PEDIDO`),
  ADD KEY `CODIGO_CLIENTE` (`CODIGO_CLIENTE`),
  ADD KEY `NUMERO_PEDIDO` (`NUMERO_PEDIDO`);

--
-- Indices de la tabla `productos`
--
ALTER TABLE `productos`
  ADD PRIMARY KEY (`CODIGO_ARTICULO`),
  ADD KEY `CODIGO_ARTICULO` (`CODIGO_ARTICULO`);
COMMIT;

/*!40101 SET CHARACTER_SET_CLIENT=@OLD_CHARACTER_SET_CLIENT */;
/*!40101 SET CHARACTER_SET_RESULTS=@OLD_CHARACTER_SET_RESULTS */;
/*!40101 SET COLLATION_CONNECTION=@OLD_COLLATION_CONNECTION */;
